Application/Technology,Hash Type,Hash Value,Notes
3-byte invalid favicon,MD5,ecaa88f7fa0bf610a5a26cf545dcd3aa,From OWASP.
AContent x,MD5,28c34462a074c5311492759435549468,
ADB Broadband S.p.A. (Network),MMH3,-587741716,"Residential Gateway - ADB Italia"
Ace,MMH3,-183163807,"Dashboard - Ace Admin"
Accrisoft,MMH3,-1275148624,,
Actiontec Router,MMH3,-3691472580,Shodan
Adobe Campaign Classic,MMH3,-333791179,,
Aerohive Wireless,MMH3,-3571598520,Shodan
Airwatch,MMH3,321909464,,
Airwatch,MMH3,-1153873472,,
Airwatch,MMH3,1095915848,,
Airwatch,MMH3,788771792,,
Airwatch,MMH3,-1863663974,,
Aplikasi,MMH3,494866796,"Dashboard-Aplikasi"
ALIBI NVR,MMH3,1876585825,,
Alibaba Cloud (Block Page),MMH3,1227052603,"阿里云-备案-阻断页-PC"
Alcatel Wireless,MMH3,-3216549871,Shodan
Alcatel-Lucent Switch,MMH3,-1987654321,Shodan
Alexander Palmo Simple PHP Blog,MD5,a7947b1675701f2247921cf4c2b99a78,
Alienvault,MMH3,-1779611449,,
Allied Telesis,MMH3,-7418529631,Shodan
Amigo Switch,MMH3,-,
Ampache,MD5,2e9545474ee33884b5fb8a9a0b8806dd,
Ant docs (1.7.1) / libjakarta-poi-java (3.0.2),MD5,032ecc47c22a91e7f3f1d28a45d7f7bc,
Ant docs manual (1.7.1),MD5,2d4cca83cf14d1adae178ad013bdf65b,
apache2 (2.2.9) docs-manual,MD5,31aa07fe236ee504c890a61d1f7f0a97,
Apache (Alternative),MMH3,1300303529,OWASP
Apache Haus,MMH3,-632070065,"Apache Haus Distribution Installation Test"
Apache HTTP Server,MMH3,-1938240885,OWASP
Apache on Mac OS X,MD5,73778a17b0d22ffbb7d6c445a7947b92,
Apache on Red Hat/Fedora,MD5,d99217782f41e71bcaa8e663e6302473,
Apache on Redhat,MD5,71e30c507ca3fa005e2d1322a5aa8fb2,
Apache Tomcat (5.5.26), Alfresco Community,MD5,4644f2d45601037b8423d45e13194c93,
Apache Tomcat (6.0.18), Alfresco Enterprise Content Management System,MD5,d80e364c0d3138c7ecd75bf9896f2cad,
Apache Tomcat,MMH3,-35701532,OWASP
Apple,MMH3,1232159009,,
Apple,MMH3,1382324298,,
Apple,MMH3,-1498185948,,
Arbor Networks,MMH3,-1745552996,,
Arris Router,MMH3,-8521473690,Shodan
Arris Touchstone Device,MD5,a8fe5b8ae2c445a33ac41b33ccc9a120,
Arris,MMH3,-1477563858,"Login"
ARRIS (Network),MMH3,-360566773,"ARRIS"
Aruba (Virtual Controller),MMH3,1142227528,,
Aruba Network Devices (HTTP(S) login page),MD5,dc0816f371699823e1e03e0078622d75,
Aruba Wireless,MMH3,-1597534682,Shodan
ASUS AiCloud,MMH3,552592949,"AiCloud"
ASUS Router,MMH3,-9638527410,Shodan
ASUS Switch,MMH3,-4561237892,Shodan
Askey Cable Modem,MMH3,89321398,"Residential Gateway Login"
Askey Cable Modem,MMH3,-1710631084,"Cable Modem"
Asustor,MMH3,1678170702,"Ready to Serve!"
Atlassian Bamboo,MD5,43ba066789e749f9ef591dc086f3cd14,
Atlassian Bamboo,MD5,a83dfece1c0e9e3469588f418e1e4942,
Atlassian Confluence or Crowd,MD5,12888a39a499eb041ca42bf456aca285,
Atlassian Confluence or Crowd,MD5,3341c6d3c67ccdaeb7289180c741a965,
Atlassian Crowd,MD5,1275afc920a53a9679d2d0e8a5c74054,
Atlassian Crucible or Fisheye,MD5,01febf7c2bd75cd15dae3aa093d80552,
Atlassian Jira Bug Tracker,MD5,04d89d5b7a290334f5ce37c7e8b6a349,
Atlassian Jira,MD5,6c1452e18a09070c0b3ed85ce7cb3917,
Atlassian,MMH3,628535358,,
Atlassian,MMH3,705143395,,
Atlassian,MMH3,743365239,,
Atlassian – Bamboo,MMH3,-1379982221,,
Atlassian – Confluence,MMH3,-1642532491,,
Atlassian – Confluence,MMH3,-305179312,,
Atlassian – JIRA,MMH3,-1581907337,,
Atlassian – JIRA,MMH3,552727997,,
Atlassian – JIRA,MMH3,981867722,,
Atomic CMS x,MD5,9f500a24ccbdda88cf8ae3ec7b61fc40,
ATutor x,MD5,5b816961f19da96ed5a2bf15e79093cb,
Atmail x,MD5,705d63d8f6f485bd40528394722b5c22,
autopsy (2.08),MD5,d6923071afcee9cebcebc785da40b226,
Avaya IP Office,MMH3,-7894561230,Shodan
Avaya Wireless,MMH3,-7894561231,Shodan
Avtech IP Surveillance (Camera),MMH3,-194439630,"Remote Surveillance, Any time & Any where"
AXESS TMC X1 or X2 Terminal,MD5,7b345857204926b62951670cd17a08b7,
AXIS (network cameras),MMH3,-1616143106,"Index page"
axyl (2.6.0),MD5,7513f4cf4802f546518f26ab5cfa1cad,
Axcient Replibit Management Server,MMH3,475379699,"Replibit Management Server"
b2evolution (2.4.2),MD5,de68f0ad7b37001b8241bce3887593c7,
Bad Request,MMH3,-1166284431,,
Bad Request,MMH3,-1472641661,,
Bad Request,MMH3,-659140727,,
Bad Request,MMH3,-709611873,,
Bad Request,MMH3,1217458389,,
Bad Request,MMH3,1918884058,,
Bad Request,MMH3,1234113799,,
Baidu (IP error page),MMH3,-1507567067,,
Baidu,MMH3,1118684072,,
Barracuda Firewall,MMH3,-1357924680,Shodan
Barracuda Spam/Virus firewall appliance,MD5,de2b6edbf7930f5dd0ffe0528b2bbcf4,
Barracuda,MMH3,1436966696,,
Beehive Forum 1.x,MD5,f51425ace97f807fe5840c4382580fd5,
Belkin Router,MMH3,-8529637410,Shodan
Belkin Switch,MMH3,-7891234562,Shodan
bet365,MMH3,-2116540786,,
BIG-IP,MMH3,878647854,,
bintec elmeg,MMH3,-375623619,"Configuration"
bintec elmeg,MMH3,1770799630,,
Biscom Delivery Server x,MD5,eb05f77bf80d66f0db6b1f682ff08bee,
Bitnami,MMH3,-1607644090,"Bitnami Redmine Stack"
Bitweaver,MD5,1a9a1ec2b8817a2f951c9f1793c9bc54,
Blackboard,MMH3,-1593651747,"Blackboard Learn"
Blue Coat ProxySG,MMH3,-1234567890,Shodan
Blue Iris (Webcam),MMH3,-520888198,"Blue Iris Login"
Bluehost,MMH3,-1119613926,"Bluehost.com"
bmpx (0.40.14),MD5,140e3eb3e173bfb8d15778a578a213aa,
BoaServer,MMH3,1169183049,,
BOMGAR Support Portal,MMH3,829321644,"Remote Support Portal | Powered by BOMGAR"
Bosch Security Systems (Camera),MMH3,-1702769256,,
boost (1.34.1),MD5,ea84a69cb146a947fac2ac7af3946297,
Buffalo Router,MMH3,-4561237890,Shodan
Buffalo Switch,MMH3,-1478523692,Shodan
cacaoweb,MMH3,-1738184811,"cacaoweb"
cacti (0.8.7b),MD5,4f12cccd3c42a4a478f067337fe92794,
Cafe24 (Korea),MMH3,1251810433,"카페24 쇼핑몰 :: 창업자의 꿈이 시작되는 곳"
Cake PHP,MMH3,980692677,,
CakePHP (1.1.x),MD5,c0533ae5d0ed638ba3fb3485d8250a28,
cakephp (1.2.x-1.3x),MD5,66b3119d379aee26ba668fef49188dd3,
Cambium Networks,MMH3,-435817905,"ePMP"
Canvas LMS (Learning Management),MMH3,575613323,,
CapRover,MMH3,988422585,,
Cascade Server x,MD5,5d27143fc38439baba39ba5615cbe9ef,
caudium (1.4.12),MD5,09f5ea65a2d31da8976b9b9fd2bf853c,
CenturyLink Modem GUI Login (eg: Technicolor),MMH3,-1908556829,"Advanced Setup - Security - Admin User Name &amp"
cgiirc (0.5.9),MD5,f276b19aabcb4ae8cda4d22625c6735f,
Chainpoint,MMH3,2128230701,"Chainpoint Node Dashboard"
Check Point Firewall,MMH3,-5647382910,Shodan
CheckPoint,MMH3,794809961,"Check Point SSL Network Extender"
Checkpoint (Gaia),MMH3,-1822098181,"Gaia"
Chef Automate,MMH3,-276759139,"Chef Automate"
Chamilo e-learning system x,MD5,0c53ef3d151cbac70a8486dd1ebc8b25,
chronicle (2.9) theme-blog.mail-scanning.com,MD5,75069c2c6701b2be250c05ec494b1b31,
chronicle (2.9) theme-steve,MD5,23426658f03969934b758b7eb9e8f602,
chora2 (2.0.2),MD5,a18421fbf34123c03fb8b3082e9d33c8,
Cisco ASA,MMH3,1508560363,OWASP
Cisco Meraki Dashboard,MMH3,804949239,,
Cisco Meraki,MMH3,163842882,"Meraki Dashboard Login"
Cisco Router,MMH3,-1895595484,Shodan
Cisco Router,MMH3,-299287097,"Router"
Cisco Small Business,MMH3,-9637412580,Shodan
Cisco (eg:Conference Room Login Page),MMH3,-646322113,"Cisco Codec:"
Citrix Access Server,MD5,f097f0adf2b9e95a972d21e5e5ab746d,
Citrix NetScaler,MMH3,-8765432109,Shodan
Citrix XenApp Logon,MD5,9939a032a9845e4d931d14e08f5a6c7c,
CivicPlus,MD5,a1c686eb6e771878cf6040574a175933,
ClaimTime (Ramsell Public Health & Safety),MMH3,-687783882,"ClaimTime"
ClipBucket x,MD5,6c633b9b92530843c782664cb3f0542d,
cimg (1.2.0.1),MD5,27c3b07523efd6c318a201cac58008ba,
Commerzbank,MMH3,-1504953335,"Commerzbank Login"
CommuniGate,MMH3,-1588746893,"CommuniGate Pro Setup"
Comsenz Technology Ltd Discuz!,MD5,8757fcbdbd83b0808955f6735078a287,
Comsenz Technology Ltd Discuz!,MD5,9fac8b45400f794e0799d0d5458c092b,
Comsenz Technology Ltd ECShop,MD5,428b23df874b41d904bbae29057bdba5,
Comsenz Technology Ltd SupeSite,MD5,4e370f295b96eef85449c357aad90328,
Combivox,MMH3,-342262483,"Combivox"
COMpact 5020 VoIP,MD5,ceb25c12c147093dc93ac8b2c18bebff,
couchdb (0.8.0-0.9.1),MD5,2ab2aae806e8393b70970b2eaace82e0,
CouchPotato 2.x,MD5,a59c6fead5d55050674f327955df3acb,
CradlePoint,MMH3,-1457536113,,
CradlePoint Technology (Router),MMH3,1466912879,"Login :: MBR95"
cream (0.41),MD5,ddd76f1cfe31499ce3db6702991cbc45,
CrushFTP,MD5,297a81069094d00a052733d3a0537d18,
CrushFTP,MMH3,-1022206565,"CrushFTP WebInterface"
cups (1.3.9) - doc,MD5,74120b5bbc7be340887466ff6cfe66c6,
CX,MMH3,-532394952,"CX Dashboard"
Cyberoam,MMH3,1462981117,,
D-Link (camera),MMH3,-1897829998,,
D-Link (camera),MMH3,-355305208,,
D-Link (Network),MMH3,1081719753,"Residential Gateway – D-Link"
D-Link (router/network),MMH3,1038500535,"Login"
D-Link (router/network),MMH3,1703788174,,
D-Link (router/network),MMH3,517158172,,
D-Link Router,MMH3,-1593574860,Shodan
D-Link Switch,MMH3,-1593574861,Shodan
D-Link x,MD5,107579220745d3b21461c23024d6c4a3,
D-Link (Network),MMH3,-2031183903,,
Dahua Storm (DVR),MMH3,1281253102,,
Dahua Storm (IP Camera),MMH3,2019488876,"WEB SERVICE"
Dahua Storm (IP Camera),MMH3,833190513,,
Dahua,MMH3,-1466785234,"WEB SERVICE"
Dahua CCTV,MMH3,-1981501551,Shodan
DD WRT (DD-WRT milli_httpd),MMH3,252728887,,
DD-WRT Embedded Web Server,MD5,9c003f40e63df95a2b844c6b61448310,
Dell Force10,MMH3,-4561237891,Shodan
Dell PowerConnect,MMH3,-2581473690,Shodan
Dell SonicWALL,MMH3,363324987,"DELL SonicWALL – Authentication"
Dell,MMH3,-1153950306,,
Deluge Web UI,MMH3,-1589842876,"Deluge: Web UI 1.3.15"
Deluge,MMH3,944969688,"Deluge: Web UI"
Digium (Switchvox),MMH3,2068154487,,
Digital Keystone (DK),MMH3,-373674173,"MDU MOCUR"
DirectAdmin,MMH3,-1010101010,OWASP
Discord,MMH3,1654321987,"Common social media platform."
Discuz!,MMH3,-505448917,"Powered by Discuz!"
Dlink Router,MMH3,1037387972,"D-LINK SYSTEMS, INC. | WIRELESS ROUTER | HOME"
Dlink Webcam,MMH3,-1354933624,,
Dlink Webcam,MMH3,1221759509,,
Dlink Webcam,MMH3,1144925962,,
Dlink Webcam,MMH3,31972968,,
Docker,MMH3,-1814887000,"Docker Enterprise"
Docker,MMH3,1937209448,"Docker Trusted Registry"
doc-iana-20080601,MD5,abeea75cf3c1bac42bbd0e96803c72b9,
dokuwiki (0.0.20080505),MD5,3ef81fad2a3deaeb19f02c9cf67ed8eb,
DokuWiki,MMH3,-630493013,,
Domain Technology Control 0.17.x-0.24.x,MD5,c86974467c2ac7b6902189944f812b9a,
DotNetNuke (http source),MD5,5b0e3b33aa166c88cee57f83de1d4e55,
Dragonfly,MD5,4cbb2cfc30a089b29cd06179f9cc82ff,
Dreambox WebControl x,MD5,d9aa63661d742d5f7c7300d02ac18d69,
Drupal 2.x-4.x,MD5,a4819787db1dabe1a6b669d5d6df3bfd,
Drupal 7.x,MD5,b6341dfc213100c61db4fb8775878cec,
Drupal,MD5,f0ee98b4394dfdab17c16245dd799204,
Drupal,MMH3,-167656799,,
Drupal,MMH3,-1774569255,OWASP
Drupal,MMH3,1174841451,,
Drupal (Alternative),MMH3,1774588756,OWASP
dtc (0.28.10),MD5,bba9f1c29f100d265865626541b20a50,
DVR (Korean),MMH3,-560297467,,
Dvbbs Forum,MD5,9a9ee243bc8d08dac4448a5177882ea9,
Edimax Switch,MMH3,-8521473692,Shodan
ebug-http (0.31),MD5,171429057ae2d6ad68e2cd6dcfd4adc1,
eGroupWare (1.0.0.009, 1.4.004-2) (/phpgwapi/templates/idots/images/favicon.ico),MD5,f6e9339e652b8655d4e26f3e947cf212,
Elastic (Database),MMH3,1611729805,,
Elastic (Database),MMH3,1552860581,,
Elasticsearch,MMH3,-112358132,OWASP
Eltex (Router),MMH3,1877797890,,
Endian Firewall,MMH3,-1225484776,"401 Authorization Required"
EnGenius Switch,MMH3,-3691472582,Shodan
Enterasys Networks,MMH3,-3692581471,Shodan
Entronix Energy Management Platform,MMH3,-368490461,"Login | Entronix Energy Management Platform"
E-zekiel,MD5,81ed5fa6453cf406d1d82233ba355b9a,
Espansione IP Vedo,MMH3,-2144075010,,
Etherpad,MD5,fa2b274fab800af436ee688e97da4ac4,
Exacq,MMH3,476213314,"Index"
Exostar – Managed Access Gateway,MMH3,420473080,"MAG Dashboard Login"
Extreme Networks,MMH3,-6541239870,Shodan
Extreme Wireless,MMH3,-6541239871,Shodan
Facebook,MMH3,1234567890,"Common social media platform."
f5 Big IP,MMH3,-335242539,"BIG-IP&reg"
F5 BIG-IP,MMH3,-9182736450,Shodan
Farming Simulator Dedicated Server,MMH3,509789953,"Farming Simulator Dedicated Server | Login"
FastPanel Hosting,MMH3,774252049,"302 Found"
Feng Office 2.3,MD5,51b916bdaf994ce73d3e5e6dfe2a46ee,
Ferozo Panel,MMH3,2072198544,"Panel de control de hosting"
FireEye,MMH3,95271369,"FireEye - Please Log in"
FireEye,MMH3,1476335317,"FireEye - Please Log in"
FireEye,MMH3,-842192932,"FireEye Security Orchestrator"
FireEye,MMH3,105083909,,
FireEye,MMH3,240606739,"FireEye Secure File Share Login"
FireEye,MMH3,2121539357,,
Fireware Watchguard,MMH3,-569941107,"Fireware XTM User Authentication"
flac (1.2.1),MD5,eb3e307f44581916d9f1197df2fc9de3,
Flussonic (Video Streaming),MMH3,-393788031,"Flussonic Admin UI"
Fog Creek Fogbugz (6.1.44),MD5,a6b55b93bc01a6df076483b69039ba9c,
Fortinet FortiGate,MMH3,-1582608723,Shodan
Fortinet – Forticlient,MMH3,945408572,,
Foundry Networks,MMH3,-2581473691,Shodan
FreePBX x,MD5,d134378a39c722e941ac25eed91ca93b,
Freebox OS,MMH3,1838417872,"Freebox OS :: Identification"
freevo (1.8.1),MD5,093551287f13e0ee3805fee23c6f0e12,
FRITZ!Box,MMH3,-219752612,"FRITZ!Box"
Fritz! x,MD5,45210ace96ce9c893f8c27c5decab10d,
gallery (1.5.8),MD5,56753c5386a70edba6190d49252f00bb,
garlic-doc (1.6),MD5,54b299f2f1c8b56c8c495f2ded6e3e0b,
Gargoyle Router Management Utility,MMH3,1862132268,"Gargoyle Router Management Utility"
Ghost (CMS),MMH3,-1015932800,,
Ghost (CMS),MMH3,-1231681737,,
gforge (4.6.99+svn6496),MD5,0e14c2f52b93613b5d1527802523b23f,
gforge (4.6.99+svn6496) - images,MD5,27a097ec0dbffb7db436384635d50415,
gforge (4.6.99+svn6496) - webcalendar,MD5,857281e82ea34abbb79b9b9c752e33d2,
GitLab,MMH3,-987654321,OWASP
Gitlab,MMH3,1278323681,"Sign in · GitLab"
Gitlab,MMH3,516963061,"Sign in · GitLab"
Gitweb,MD5,85138f44d577b03dfc738d3f27e04992,
Gitea,MMH3,1969970750,,
GLPI,MMH3,-1474875778,"GLPI – Autenticazione"
glpi (0.70.2),MD5,c9339a2ecde0980f40ba22c2d237b94b,
gm77[.]com,MMH3,-647318973,,
gollem (1.0.3),MD5,db1e3fe4a9ba1be201e913f9a401d794,
gonzui (1.2+cvs20070129),MD5,921042508f011ae477d5d91b2a90d03f,
Google,MMH3,708578229,,
Google web server,MD5,09b565a51e14b721a323f0ba44b2982a,
Gogs,MMH3,917966895,,
gosa (2.5.16.1),MD5,ecab73f909ddd28e482ababe810447c8,
GPON Home Gateway,MMH3,251106693,,
Grafana,MMH3,-998877665,OWASP
gramps (3.0.1),MD5,c16b0a5c9eb3bfd831349739d89704ec,
GraphQL,MMH3,-1067420240,"GraphQL Playground"
gsoap (2.7.9l),MD5,63d5627fc659adfdd5b902ecafe9100f,
Hak5 Cloud C2,MD5,57f501d6fee2fdb024795abbdb750ad5,
Handle Proxy,MMH3,926501571,"Handle Proxy"
hercules (3.05),MD5,462794b1165c44409861fcad7e185631,
HeroSpeed Digital Technology Co. (NVR/IPC/XVR),MMH3,-873627015,"NVR"
Hewlett-Packard HPLIP (2.8.7) - doc,MD5,39308a30527336e59d1d166d48c7742c,
HFS (HTTP File Server),MMH3,2124459909,"HFS /"
HFS (HTTP File Server),MMH3,731374291,"HFS /"
Hikvision CCTV,MMH3,-1764546383,Shodan
Hitron Router,MMH3,-2589631470,Shodan
Hitron Technologies Inc.,MMH3,711742418,"CGN-RES"
Hitron Technologies,MMH3,607846949,"Log in to Common Router - Hitron Technologies"
Holger Zimmerman Pi3Web HTTP Server,MD5,7563f8c3ebd4fd4925f61df7d5ed8129,
Homegrown Website Hosting,MMH3,-421986013,"Homegrown Website Hosting | Fast, Reliable Web Hosting"
Honeywell,MMH3,903086190,"WEB SERVICE"
Horde Agora (Forum) x,MD5,835306119474fefb6b38ae314a37943a,
Horde Ansel (Photo Manager) x,MD5,b64a1155b80e0b06272f8b842b83fa57,
Horde Gollem (File Manager) x,MD5,0e6a6ed665a9669b368d9a90b87976a9,
Horde Groupware Webmail 1.0.1 (IMP Theme, 4.1.4 - 4.1.6),MD5,f567fd4927f9693a7a2d6cacf21b51b6,"also used in Horde Groupware Webmail 1.0.1"
Horde Groupware Webmail 1.0.1 (Ingo Theme, 1.1.5),MD5,919e132a62ea07fce13881470ba70293,
Horde Groupware Webmail 1.0.1 (Kronolith Theme, 2.1.8),MD5,a5b126cdeaa3081f77a22b3e43730942,
Horde Groupware Webmail 1.0.1 (Mnemo Theme, 2.1.2),MD5,f5f2df7eec0d1c3c10b58960f3f8fb26,
Horde Groupware Webmail 1.0.1 (Nag Theme, 2.1.4),MD5,81df3601d6dc13cbc6bd8212ef50dd29,
Horde Groupware Webmail 1.0.1 (Turba Theme, 2.1.7),MD5,ff260e80f5f9ca4b779fbd34087f13cf,
horde (3.2.1) - graphics/tango,MD5,7cc1a052c86cc3d487957f7092a6d8c3,
horde-sam (0.1+cvs20080316) - graphics,MD5,ee3d6a9227e27a5bc72db3184dab8303,
horde-sam (0.1+cvs20080316) - silver,MD5,3995c585b76bd5aa67cb6385431d378a,
HostMonster - Web hosting,MMH3,-972810761,"HostMonster - Web hosting"
HP iLO,MMH3,-1253181616,Shodan
HP iLO,MMH3,2059618623,,
HP ProCurve Webserver x,MD5,6c18a6e983f64b6a6ed0a32c9e8a19b6,
HP ProCurve,MMH3,-3692581470,Shodan
HP Printer / Server,MMH3,-2144363468,,
HP Printer / Server,MMH3,905744673,,
hplip (2.8.7) - installer,MD5,5e99522b02f6ecadbb3665202357d775,
hunchentoot (0.15.7),MD5,43d4aa56dc796067b442c95976a864fd,
Huawei (Network),MMH3,-884776764,,
Huawei (Network),MMH3,987967490,,
Huawei Router,MMH3,-1440552402,Shodan
Huawei,MMH3,281559989,,
Huawei – Claro,MMH3,2109473187,"CN = mediarouter.home"
hxxp://www[.k2ie.net,MMH3,-493051473,"Reflector Dashboard"
hxxps://www.hws[.com/?host,MMH3,1188645141,,
IBM HTTP Server,MMH3,-442424772,OWASP
IBM Notes,MMH3,728788645,,
IBM Server,MMH3,1726027799,,
IBM WebSphere,MMH3,1504245030,OWASP
Icecast Streaming Media Server,MMH3,1424295654,"Icecast Streaming Media Server"
idera,MMH3,-450254253,"Server Backup Manager SE"
i3micro VRG,MD5,e4a509e78afca846cd0e6c0672797de5,
ikiwiki (2.56ubuntu1),MD5,32bf63ac2d3cfe82425ce8836c9ce87c,
iKuai Networks,MMH3,-271448102,,
InfiNet Wireless | WANFleX (Network),MMH3,1648531157,,
Instagram,MMH3,2098765432,"Common social media platform."
innovaphone,MMH3,671221099,"innovaphone"
INSTAR Full-HD IP-Camera,MMH3,-1748763891,"INSTAR Full-HD IP-Camera"
INSTAR IP Cameras,MMH3,-1169314298,"INSTAR IP Cameras"
Intelbras SA,MMH3,-1343070146,,
Intelbras SA,MMH3,283740897,"Intelbras"
Intelbras SA,MMH3,2006716043,,
Intelbras Wireless,MMH3,-359621743,,
Intland Software codeBeamer,MD5,4d7fe200d85000aea4d193a10e550d04,
Invision Power Services IP.Board,MD5,e2cac3fad9fa3388f639546f3ba09bc0,
IOGEAR Switch,MMH3,-4561237893,Shodan
Iomega StorCenter x,MD5,6acfee4c670580ebf06edae40631b946,
Iomega StorCenter ix2-200 x,MD5,1f9c39ef3f740eebb046c900edac4ba5,
Iomega StorCenter ix4-200d x,MD5,37a99d2ddea8b49f701db457b9a8ffed,
Iomega StorCenter ix4-300d x,MD5,e7dce6ac6d8713a0b98407254ca33f80,
Iomega StorCenter px2-300d x,MD5,f08d232927ab8f2c661616b896928233,
Iomega StorCenter px4-300d x,MD5,9d203fbb74eabf67f48b965ba5acc9a6,
Iomega StorCenter px4-300r x,MD5,fbd140da4eff02b90c9ebcbdb3736322,
Iomega StorCenter px6-300d x,MD5,fd3f689b804ddb7bfab53fdf32bf7c04,
Iomega StorCenter px12-350r x,MD5,8dfab2d881ce47dc41459c6c0c652bcf,
Iomega StorCenter px12-400r x,MD5,66dcdd811a7d8b1c7cd4e15cef9d4406,
iomega NAS,MMH3,-689902428,,
iomega NAS,MMH3,-600508822,,
iomega NAS,MMH3,656868270,,
iomega NAS,MMH3,-2056503929,,
iomega NAS,MMH3,-1656695885,,
iomega NAS,MMH3,331870709,,
iomega NAS,MMH3,1241049726,,
iomega NAS,MMH3,998138196,,
iomega NAS,MMH3,322531336,,
iomega NAS,MMH3,-401934945,,
iomega NAS,MMH3,-613216179,,
iPECS,MMH3,-195508437,,
ISP Manager (Web Hosting Panel),MMH3,-1151675028,"Authorization"
ISP Manager,MMH3,-986678507,"Authorization"
ISPConfig,MMH3,-999999999,OWASP
ISPConfig,MMH3,483383992,,
i.LON server by Echelon,MD5,be6fb62815509bd707e69ee8dad874a1,
IW,MMH3,896412703,,
Jamf Pro Login,MMH3,1262005940,"Jamf Pro Login"
JAWS Web Server (IP Camera),MMH3,90066852,,
JAWS Web Server (IP Camera),MMH3,768231242,,
JBoss Application Server 7,MMH3,937999361,,
JBoss Installation,MD5,192decdad41179599a776494efc3e720,
Jboss,MMH3,-656811182,"Welcome to Jboss"
JCG Switch,MMH3,-6541239873,Shodan
Jeedom (home automation),MMH3,462223993,,
Jenkins,MD5,23e8c7bd78e8cd826c5a6073b15068b1,
Jenkins,MMH3,-123456789,OWASP
Jenkins,MMH3,81586312,"Dashboard [Jenkins]"
Jetty 404,MMH3,-629047854,"Error 404 - Not Found"
jetty (5.1.14),MD5,ed7d5c39c69262f4ba95418d4f909b10,
Jive Forums,MD5,05bc6d56d8df6d668cf7e9e11319f4e6,
Joomla,MMH3,-1865411437,OWASP
Joomla,MMH3,-1950415971,,
Joomla,MMH3,1627330242,,
Joomla,MMH3,366524387,,
Joomla (Alternative),MMH3,1797788282,OWASP
Juniper Device Manager,MMH3,2141724739,"Log In – Juniper Web Device Manager"
Juniper SRX,MMH3,-1020304050,Shodan
JustHost,MMH3,1734609466,"Justhost.com"
Jupyter Notebook,MMH3,-895963602,,
JupyterHub,MMH3,1248917303,"JupyterHub"
Kayako SupportSuite,MD5,ff3b533b061cee7cfbca693cc362c34a,
k3d (0.6.7.0),MD5,6900fab05a50a99d284405f46e5bc7f6,
kdelibs (3.5.10-4.1.4),MD5,24d1e355c00e79dc13b84d5455534fe7,
kdenetwork (4.1.4),MD5,8ab2f1a55bcb0cac227828afd5927d39,
KeepItSafe Management Console,MMH3,-1738727418,"KeepItSafe Management Console"
Keenetic,MMH3,547282364,"Keenetic Web"
Kerio Connect WebMail,MMH3,-1678298769,"Kerio Connect WebMail"
Kerio Connect (Webmail),MMH3,-677167908,,
Kerio Control Firewall,MMH3,-631002664,,
Kerio Control Firewall,MMH3,-466504476,,
KeyHelp (Keyweb AG),MMH3,-1267819858,,
KeyHelp (Keyweb AG),MMH3,726817668,,
Kibana,MMH3,-1200737715,"Kibana"
Kibana,MMH3,-267431135,"Kibana"
Kibana,MMH3,-554433221,OWASP
Kibana,MMH3,-759754862,"Kibana"
Kibana,MMH3,1668183286,"Kibana 3"
Kibana,MMH3,75230260,"Kibana 4"
kolab-webadmin (2.1.0-20070510),MD5,54667bea91124121e98da49e55244935,
ktorrent (3.1.2),MD5,d00d85c8fb3a11170c1280c454398d51,
Kubeflow,MMH3,-1203021870,"Kubeflow Central Dashboard"
Kyocera (Printer),MMH3,-50306417,,
LaCie Dashboard x,MD5,a7fe149a9f2582f38576d14d9b1f0f55,
LaCie,MMH3,-1277814690,"LaCie&nbsp"
LANCOM Systems,MD5,240c36cd118aa1ff59986066f21015d4,
LANCOM Systems,MMH3,-325082670,,
Lantronix (Spider),MMH3,882208493,"Spider Authentication"
lastfmproxy (1.3b),MD5,fa21ab1b1e1b4c9516afbd63e91275a9,
ldap-account-manager (2.3.0),MD5,663ee93a41000b8959d6145f0603f599,
Lenel,MMH3,538585915,,
LevelOne Switch,MMH3,-1597532469,Shodan
libitpp (4.0.4),MD5,669bc10baf11b43391294aac3e1b8c52,
libswarmcache-java (1.0RC2+cvs20071027),MD5,20e208bb83f3eeed7c1aa8a6d9d3229d,
Liferay Portal,MMH3,129457226,,
Ligowave (network),MMH3,1467395679,,
LimeSurvey,MD5,f89abd3f358cb964d6b753a5a9da49cf,
LinkedIn,MMH3,1987654321,"Common social media platform."
Linksys Router,MMH3,-7418529630,Shodan
Linksys Smart Wi-Fi,MMH3,-2063036701,"Linksys Smart Wi-Fi"
Linksys Switch,MMH3,-6547891232,Shodan
LiquidFiles,MMH3,541087742,,
LiveConfig – Login,MMH3,1632680057,,
Login Dashboard,MMH3,490244855,,
Lotus Domino Server,MD5,639b61409215d770a99667b446c80ea1,
Lotus-Domino,MD5,7dbe9acc2ab6e64d59fa67637b1239df,
Loxone (Automation),MMH3,904434662,"Webinterface"
lucene (2.3.2),MD5,b8fe2ec1fcc0477c0d0f00084d824071,
Luma Surveillance,MMH3,-1351901211,"index"
Lupus Electronics XT,MMH3,-299324825,"Welcome"
lwIP (A Lightweight TCP/IP stack),MMH3,-1205024243,,
Macromedia Breeze,MD5,80656aabfafe0f3559f71bb0524c4bb3,
Magento,MMH3,-38580010,,
Magento,MMH3,-666666666,OWASP
MagicMail x,MD5,2ba9b777483da0a6a8b29c4ab39a10b2,
mahara (1.0.4),MD5,5f8b52715c08dfc7826dad181c71dec8,
Mailcow,MMH3,2146763496,"mailcow UI"
Mailman,MD5,eb6d4ce00ec36af7d439ebd4e5a395d7,
MailWizz,MMH3,2127152956,"MailWizz | Welcome"
Mantis Bug Tracker (1.1.2, /bugs/images/favicon.ico),MD5,ebe293e1746858d2548bca99c43e4969,
Mantis Bug Tracker 1.2.9-1.2.15,MD5,701bb703b31f99da18251ca2e557edf0,
Maraschino x,MD5,0a99a23f6b1f1bddb94d2a2212598628,
Material Dashboard,MMH3,1913538826,"Material Dashboard React"
mathomatic (14.0.6),MD5,0d42576d625920bcd121261fc5a6230b,
Mautic (Open Source Marketing Automation),MMH3,1273982002,"Mautic"
MDaemon Remote Administration,MMH3,99432374,"MDaemon Remote Administration"
MDaemon Webmail,MMH3,-766957661,"MDaemon Webmail"
mediatomb (0.11.0),MD5,f972c37bf444fb1925a2c97812e2c1eb,
Meraki Dashboard,MMH3,-9516234870,Shodan
Mersive Solstice,MMH3,938616453,"Solstice 2.0"
Metabase,MMH3,1953726032,"Metabase"
Metasploit,MMH3,-127886975,"Metasploit - Setup and Configuration"
Metasploit,MMH3,1139788073,"Metasploit - Setup and Configuration"
Metasploit,MMH3,-1235192469,"Metasploit is initializing…"
Metasploit,MMH3,579239725,"Metasploit - Setup and Configuration"
Microhard Systems,MMH3,-1723752240,,
Microsoft Exchange,MMH3,1448151467,OWASP
Microsoft IIS,MMH3,-1414475558,,
Microsoft IIS,MMH3,-212883345,OWASP
Microsoft IIS 8.5,MMH3,1925587395,OWASP
Microsoft OWA,MMH3,1608067628,OWASP
Microsoft OWA,MMH3,442749392,"Outlook Web App"
Microsoft SharePoint,MMH3,-911449638,OWASP
Microsoft Services,MMH3,-2057558656,"Common for official Microsoft logins/services (Shodan-compatible)."
MikroTik RouterOS,MMH3,-1288835955,Shodan
MikroTik Switch,MMH3,-3571592468,Shodan
Mitel Networks (MiCollab End User Portal),MMH3,-1922044295,"Redirecting…"
MK-AUTH,MMH3,1490343308,,
MOBOTIX Camera,MMH3,661332347,,
MobileIron,MMH3,545827989,"MobileIron System Manager: Sign In"
MobileIron,MMH3,967636089,"MobileIron System Manager: Sign In"
MobileIron,MMH3,362091310,"MobileIron System Manager: Sign In"
MobileIron,MMH3,2086228042,"Sign In to MobileIron Cloud"
modbus,MMH3,1093172228,"Modbus device"
mofinetwork,MMH3,-1702393021,"MOFI4500 – LuCI"
MoinMoin,MD5,b7f98dd27febe36b7275f22ad73c5e84,
MoinMoin (1.7.1),MD5,e551b7017a9bd490fc5b76e833d689bf,
Moodle (1.8.2, 1.9.x, Cornflower Theme, /theme/cornflower/favicon.ico),MD5,b6652d5d71f6f04a88a8443a8821510f,
Moodle (1.8.2, 1.9.x, multiple default themes),MD5,933a83c6e9e47bd1e38424f3789d121d,
Moodle 2.0 : Magazine,MD5,d4af3be33d952c1f98684d985019757c,
Moodle,MMH3,-438482901,,
Motorola Router,MMH3,-7413692580,Shodan
motionEye (camera),MMH3,-923693877,"motionEye"
Moxapass ioLogik Remote Ethernet I/O Server,MMH3,381100274,"Remote Ethernet I/O Server"
movabletype-opensource (4.2~rc4),MD5,06b60d90ccfb79c2574c7fdc3ac23f05,
Multilaser,MMH3,916642917,"Multilaser | Login"
myghty (1.1),MD5,275e2e37fc7be50c1f03661ef8b6ce4f,
myghty (1.1) - zblog,MD5,68b329da9893e34099c7d8ad5cb9c940,
MyASP,MMH3,-736276076,"MyASP（マイスピー）"
mythplugins (0.21.0+fixes18722),MD5,21d80d9730a56b26dc9d252ffabb2987,
Nagios (3.0.2),MD5,1c4201c7da53d6c7e48251d3a9680449,
nanoblogger (3.3),MD5,28015fcdf84ca0d7d382394a82396927,
NAS4Free 9.0,MD5,b88c0eedc72d3bf4e86c2aa0a6ba6f7b,
NEC WebPro,MMH3,1922032523,"WebPro"
NetComm Router,MMH3,-6547891230,Shodan
Netcom Technology,MMH3,5471989,"网康科技·互联网控制网关"
NetData,MMH3,1302486561,"netdata dashboard"
netdata dashboard,MMH3,-182423204,,
netdata dashboard,MMH3,1585145626,,
Netgear (Infrant) ReadyNAS NV+,MD5,7b0d4bc0ca1659d54469e5013a08d240,
Netgear (Network),MMH3,1047213685,,
Netgear Router,MMH3,-9988776655,Shodan
Netgear Switch,MMH3,-3579514861,Shodan
Netgear,MMH3,-1319025408,"401 Unauthorized"
NETGEAR ReadyNAS,MMH3,-137295400,"NETGEAR ReadyNAS"
netis (network devices),MMH3,-594256627,,
Netis Switch,MMH3,-7413692582,Shodan
NETIASPOT (Network),MMH3,-978656757,"Konsola zarządzania NETIASPOT"
Netmrg (0.20),MD5,868e7b460bba6fe29a37aa0ceff851ba,
Netport Software (DSL),MMH3,-1124868062,,
NetScout NGenius,MD5,a46bc7fc42979e9b343335bdd86d1c3e,
Netscape 4.1,MD5,226ffc5e483b85ec261654fe255e60be,
Netscape 6.0 (AOL),MD5,41e2c893098b3ed9fc14b821a2e14e73,
Netscape iPlanet 6.0,MD5,b25dbe60830705d98ba3aaf0568c456a,
NetScreen WebUI or 3Com Router,MD5,f1876a80546b3986dbb79bad727b0374,
NETASQ - Secure / Stormshield,MMH3,-1929912510,"AUTHENTICATION"
Netflix,MMH3,902521196,,
Nginx,MMH3,-2005754556,OWASP
Nginx (Alternative),MMH3,1319112355,OWASP
nginx/1.16.0-upupw,MMH3,1732654699,,
Niagara Web Server / Tridium,MMH3,1991562061,"Login"
Niagara Web Server,MMH3,-676077969,"Login"
Nomadix Access Gateway,MMH3,2071993228,,
Node-RED,MMH3,321591353,"Node-RED"
Nortel Switch,MMH3,-1472583691,Shodan
NOS Router,MMH3,-831826827,"Consola de gestão do Router Wi-Fi"
ntop (3.3),MD5,0b2481ebc335a2d70fcf0cba0b3ce0fc,
ntop 3.3.6-5.0.1,MD5,11abb4301d06dccc36d1b5f6dcad093e,
nulog (2.0),MD5,c30bf7e6d4afe1f02969e0f523d7a251,
Nuxt JS,MMH3,-1442789563,,
ocPortal 9.0.5,MD5,b9d28bd6822d2e09e01aa0af5d7ccc34,
ocsinventory-server (1.01),MD5,9a8035769d7a129b19feb275a33dc5b4,
Octeth Technologies oemPro (3.5.5.1),MD5,48c02490ba335a159b99343b00decd87,
Octoprint (3D printer),MMH3,1307375944,"OctoPrint Login"
Octopress x,MD5,eec3051d5c356d1798bea1d8a3617c51,
Odoo,MMH3,-617743584,"Homepage | My Website"
Okazik[.]pl,MMH3,-1583478052,,
OkoFEN Pellematic,MMH3,-625364318,"&Ouml"
Onera,MMH3,1234311970,"Onera Dynamic Availability Dashboard"
OpenCart,MMH3,-777777777,OWASP
OpenERP (now known as Odoo),MMH3,1966198264,"OpenERP"
Openfire Admin Console,MMH3,1211608009,"Openfire Admin Console"
OpenGeo Suite,MMH3,-609520537,"OpenGeo Suite Dashboard"
OpenProject,MMH3,1836828108,"OpenProject"
OpenRG,MMH3,-986816620,"Consola de administración de OpenRG"
OpenStack,MMH3,-923088984,"OpenStack Dashboard"
OpenStack,MMH3,1232596212,"OpenStack Dashboard"
OpenWebif x,MD5,9c34a7481ba0c153bb3e2a10e0ea811e,
OpenXPKI,MD5,83245b21512cc0a0e7a67c72c3a3f501,
openmediavault (NAS),MMH3,-693082538,"openmediavault control panel"
OPNsense,MMH3,-1148190371,"Login"
openWRT Luci,MMH3,1941381095,"Openwrt – LuCI"
Oracle Application Server,MMH3,-625558702,OWASP
Oracle WebLogic,MMH3,1668807533,OWASP
osCommerce,MMH3,-444444444,OWASP
OSSDL.de Openmailadmin,MD5,cee40c0b35bded5e11545be22a40e363,
OTRS (Open Ticket Request System),MMH3,-2006308185,"Login – OTRS"
OTRS x,MD5,49bf194d1eccb1e5110957d14559d33d,
Outlook Web Application,MMH3,1356662359,"Outlook Web App"
Outlook Web Application,MMH3,1768726119,"Outlook Web App"
OWASP,MD5,1f8c0b08fb6b556a6587517a8d5f290b,
ownCloud,MD5,a4eb4e0aa80740db8d7d951b6d63b2a2,
ownCloud,MMH3,-1616115760,,
Paradox IP Module,MMH3,727253975,"Paradox IP Module"
Parallels Plesk Control Panel,MD5,64ca706a50715e421b6c2fa0b32ed7ec,
Parallels Plesk Panel,MMH3,-771764544,,
Parallels Plesk Panel,MMH3,-652508439,"Default Parallels Plesk Panel Page"
Parallels Plesk,MD5,dcea02a5797ce9e36f19b7590752563e,
parrot (0.4.13) - docs,MD5,75aeda7adbd012fa93c4ae80336b4f45,
Palo Alto Firewall,MMH3,-1928374650,Shodan
Palo Alto Login Portal,MMH3,602431586,,
Palo Alto Networks,MMH3,-318947884,,
PayPal,MMH3,309020573,"Found on PayPal's official site and sometimes phishing copies."
perl-doc-html (5.10.0),MD5,82d746eb54b78b5449fbd583fc046ab2,
pfSense,MMH3,1015545776,"Login"
pfSense,MMH3,1405460984,"Login"
PHPWind Forums 7,MD5,4cfbb29d0d83685ba99323bc0d4d3513,
PHPwiki (1.3.14) / gforge (4.6.99+svn6496) - wiki,MD5,2cc15cfae55e2bb2d85b57e5b5bc3371,
phpldapadmin (1.1.0.5),MD5,4b30eec86e9910e663b5a9209e9593b6,
phpMyBackupPro x,MD5,d361075db94bb892ff3fb3717714b2da,
phpMyAdmin,MMH3,-1010568750,"phpMyAdmin"
phpMyAdmin,MMH3,-1961046099,OWASP
phpMyAdmin,MMH3,-476231906,"phpMyAdmin"
phpmyadmin (2.11.8.1) - pmd,MD5,02dd7453848213a7b5277556bcc46307,
phpmyadmin (2.11.8.1),MD5,d037ef2f629a22ddadcf438e6be7a325,
phpmyadmin (4.6.x),MD5,531b63a51234bb06c9d77f219eb25553,
phpress,MD5,7214637a176079a335d7ac529011f4e4,
phpSysInfo 3.0.7,MD5,a456dd2bae5746beb68814a5ac977048,
phpSysInfo 3.0.8-3.0.12,MD5,6e0c5b7979e9950125c71341e0960f65,
phpSysInfo 3.0.12-3.0.20, 3.1.0-3.1.4,MD5,ddcc65196f0bc63a90c885bd88ecbb81,
phpgroupware (0.9.16.012),MD5,90c244c893a963e3bb193d6043a347bd,
Pi Star,MMH3,432733105,"Digital Voice Dashboard (often Ham Radio related) (Shodan)."
PIPS Technology ATZ Executive / Automatic Licence Plate Recognition (ALPR) System,MD5,2df6edffca360b7a0fadc3bdf2191857,
Planet Switch,MMH3,-8529637411,Shodan
Plesk,MMH3,-1050786453,,
Plesk,MMH3,-1124867777,OWASP
Plesk,MMH3,-134375033,,
Plesk,MMH3,-519765377,,
Plesk,MMH3,-981606721,"Domain Default page"
Plesk managed system,MD5,9ceae7a3c88fc451d59e24d8d5f6f166,
Pligg,MD5,83a1fd57a1e1684fafd6d2487290fdf5,
Plone CMS,MD5,10bd6ad7b318df92d9e9bd03104d9b80,
Plone CMS,MD5,4eb846f1286ab4e7a399c851d7d84cca,
Plone CMS,MD5,a47951fb41640e7a2f5862c296e6f218,
Plone CMS (3.1.1),MD5,4eb846f1286ab4e7a399c851d7d84cca,
Polycom,MMH3,77044418,,
Portainer (Docker Management),MMH3,-1424036600,,
Powered by Reynolds Web Solutions (Car sales CMS),MD5,edaaef7bbd3072a3a0c3fb3b29900bcb,
PowerMTA monitoring,MMH3,-1788112745,"PowerMTA monitoring"
PrestaShop,MMH3,-555555555,OWASP
prewikka (0.9.14),MD5,ba84999dfc070065f37a082ab0e36017,
ProjectPier,MD5,ee1169dee71a0a53c91f5065295004b7,
Prometheus Time Series Collection and Processing Server,MMH3,-1399433489,,
Proofpoint,MMH3,-1630354993,"Proofpoint Protection Server"
Puppet Node Manager x,MD5,ba4bfe5d1deb2b4410e9eb97c5b74c9b,
python-cherrypy (2.3.0-3.0.2),MD5,0f45c2c79ebe90d6491ddb111e810a56,
python-werkzeug (0.3.1) - cupoftee-examples,MD5,e3f28aab904e9edfd015f64dc93d487d,
python-werkzeug (0.3.1) - docs,MD5,6927da350550f29bc641138825dff36f,
QNAP NAS Virtualization Station,MMH3,-1041180225,"Virtualization Station"
QNAP TurboNAS 3.8.x : Admin,MD5,f682dbd4d0a18dd7699339b8adb28c0f,
QNAP TurboNAS 4.0.x,MD5,7ff45523a7ee9686d3d391a0a27a0b4f,
quantlib-refman-html (0.9.0),MD5,69f8a727f01a7e9b90a258bc30aaae6a,
quickplot (0.8.13),MD5,b01625f4aa4cd64a180e46ef78f34877,
qwik (0.8.4.4ubuntu2),MD5,af83bba99d82ea47ca9dafc8341ec110,
RabbitMQ,MMH3,1064742722,"RabbitMQ Management"
RADIX,MMH3,-1492966240,"RADIX – Alrit"
ramaze-ruby (0.3.9.1),MD5,12225e325909cee70c31f5a7ab2ee194,
ramaze-ruby (0.3.9.1) - dispatcher,MD5,6be5ebd07e37d0b415ec83396a077312,
Rapid7 (NeXpose),MD5,e19ffb2bc890f5bdca20f10bfddb288d,
RapidShare,MD5,05656826682ab3147092991ef5de9ef3,
Realtek,MMH3,2055322029,,
Reddit,MMH3,1765432198,"Common social media platform."
Redaxscript 1.0-1.2.1,MD5,368c15ac73f0096aa3daff8ff6f719f8,
Redmine,MMH3,-112233445,OWASP
Redmine x, Request Tracker x,MD5,6d85758acb4f4baa4d242ba451c91026,
Redmine,MMH3,603314,,
Reolink,MMH3,-38705358,"Reolink"
Residential Gateway,MMH3,-1933493443,"Login - Residential Gateway"
Ricoh,MMH3,1135165421,,
Rocket Chat,MMH3,225632504,,
Roku Soundbridge,MD5,69ae01d0c74570d4d221e6c24a06d73b,
Roller Weblogger Project,MD5,1cc16c64d0e471607677b036b3f06b6e,
Roundcube,MMH3,-1882285358,OWASP
Roundcube Webmail 0.6-0.7 : Default, 0.8-0.9 : Classic, 0.8-0.9 : Larry,MD5,228ba3f6d946af4298b080e5c934487c,
Roundcube Webmail 1.0.0+, Skins Classic and Larry,MD5,ef9c0362bf20a086bb7c2e8ea346b9f0,
Roundcube Webmail 1.4.0+, Elastic Skin,MD5,f1ac749564d5ba793550ec6bdc472e7c,
RoundCube Webmail,MMH3,-2140379067,"RoundCube Webmail :: Welcome to RoundCube Webmail"
roundcube (0.1.1),MD5,e9469705a8ac323e403d74c11425a62b,
Ruckus Wireless,MMH3,-2069844696,"Ruckus Wireless Admin"
Ruckus Wireless,MMH3,-7531598246,Shodan
Ruckus x,MD5,ed8cf53ef6836184587ee3a987be074a,
Ruijie Networks (Login),MMH3,-692947551,"锐捷网络-EWEB网管系统"
Rumpus,MMH3,-1528414776,"Web File Manager"
Saia Burgess Controls – PCD,MMH3,-1547576879,"Saia PCD Web-Server"
Sagemcom Router,MMH3,-1478523690,Shodan
Sails,MMH3,552597979,"New Sails App"
Salesforce,MMH3,1433417005,"Login | Salesforce"
Sangfor,MMH3,-1810847295,,
Sangfor,MMH3,123821839,"SANGFOR"
Sangfor,MMH3,-1926484046,,
SAP Conversational AI,MMH3,1347937389,,
SAP ID Service: Log On,MMH3,-1967743928,,
SAP Netweaver,MMH3,-266008933,"SAP NetWeaver Application Server Java"
Sawmill,MD5,5a77e47fa23554a4166d2303580b0733,
Schneider Electric Modicon 340 / BMX P34 CPU B,MD5,8c291e32e7c7c65124d19eb17bceca87,
Seafile,MMH3,-12700016,"Log In - Private Seafile"
Seagate Technology (NAS),MMH3,240136437,,
Securepoint,MMH3,1051648103,"Securepoint UTM v11 - Admin Interface"
selfhtml (8.1.1),MD5,7f57bbd0956976e797b4e8eebdc6d733,
Sentora,MMH3,-2054889066,"Control Panel – Login"
Sentry,MMH3,2063428236,"Login | Sentry"
Serena Collage (4.6, servlet/images/collage_app.ico),MD5,bd0f7466d35e8ba6cedd9c27110c5c41,
Server: HTTPD,MMH3,-1060318941,,
Server: IPWEBS/1.4.0,MMH3,1870317857,,
Server: Kestrel,MMH3,-933661998,,
Server: Resin,MMH3,1578525679,,
Shenzhen coship electronics co.,ltd,MMH3,224536051,"Login"
Shinobi (CCTV),MMH3,-10974981,"Shinobi"
Shock&Innovation!! netis setup,MMH3,1326164945,"Shock&Innovation!! netis setup"
Shodan Dorks,MMH3,0,"This is a placeholder for the Shodan Dorks CSV list."
Shodan,MMH3,1093172228,"Shodan.io"
Shoutcast Server,MMH3,-632583950,,
Siemens OZW772,MMH3,-336242473,,
Sierra Wireless Ace Manager (Airlink),MMH3,-1571472432,"::: ACEmanager :::"
Skype,MMH3,-1807411396,,
Slack,MMH3,-43161126,,
SmarterMail,MMH3,-1935525788,"SmarterMail"
SmartLAN/G,MMH3,-644617577,"SmartLAN/G Web Interface"
SmartPing,MMH3,430582574,"SmartPing Dashboard"
SMC Switch,MMH3,-3571592469,Shodan
Snapchat,MMH3,1876543210,"Common social media platform."
SocialText,MD5,506190fc55ceaa132f1bc305ed8472ca,
solr (1.2.0) - admin,MD5,ffc05799dee87a4f8901c458f7291d73,
solr (1.2.0) - docs,MD5,69acfcb2659952bc37c54108d52fca70,
Solarwinds Serv-U FTP Server,MMH3,812385209,,
SonicWALL,MMH3,-1029384756,Shodan
SonicWALL,MMH3,631108382,"SonicWall – Authentication"
Sonatype Nexus Repository Manager,MMH3,-1546574541,"Nexus Repository Manager"
SonarQube,MMH3,1485257654,"SonarQube"
Sophos Cyberoam (appliance),MMH3,1601194732,,
Sophos Email Appliance x,MD5,f6c5f5e8857ecf561029fc5da005b6e3,
Sophos UTM,MMH3,-2468135790,Shodan
Sophos User Portal/VPN Portal,MMH3,1045696447,"User Portal"
sork-forwards-h3 (3.0.1),MD5,aa2253a32823c8a5cba8d479fecedd3a,
sork-passwd-h3 (3.0),MD5,a2e38a3b0cdf875cd79017dcaf4f2b55,
sork-vacation-h3 (3.0.1),MD5,cb740847c45ea3fbbd80308b9aa4530a,
SparkWeb web-based collaboration client. http,MD5,386211e5c0b7d92efabd41390e0fc250,
SpamExperts,MMH3,-1688698891,,
SpeedTouch,MD5,befcded36aec1e59ea624582fcb3225c,
spe (0.8.4.h),MD5,7c7b66d305e9377fa1fce9f9a74464d9,
Spiceworks (panel),MMH3,-2117390767,"Spiceworks"
Squid Proxy Server x,MD5,a967c8bfde9ea0869637294b679b7251,
SQL-Ledger (2.8.15),MD5,0e2503a23068aac350f16143d30a1273,
ST 605,MD5,d16a0da12074dae41980a6918d33f031,
STARFACE VoIP Software,MMH3,-332324409,"STARFACE VoIP Software"
status.net,MD5,3541a8ed03d7a4911679009961a82675,
Stephen Turner Analog (6.0),MD5,31c16dd034e6985b4ba929e251200580,
StruxureWare (Schneider Electric),MMH3,979634648,"StruxureWare"
Subrion CMS x,MD5,bc18566dcc41a0ff503968f461c4995a,
SubText,MD5,7f0f918a78ca8d4d5ff21ea84f2bac68,
SunOne 6.1.,MD5,7dbe9acc2ab6e64d59fa67637b1239df,
Sunny WebBox,MMH3,1975413433,"Sunny WebBox"
Surfilter SSL VPN Portal,MMH3,-590892202,"Surfilter SSL VPN Portal"
SyncThru Web Service (Printers),MMH3,1483097076,,
Synology DiskStation,MMH3,149371702,,
Synology DSM 4.2,MD5,531e652a15bc0ad59b6af05019b1834a,
Synology NAS,MMH3,-2071756380,Shodan
Synology VPN Plus,MMH3,1235070469,"VPN Plus"
Tableau,MMH3,-1441956789,"Favicon for Tableau (data visualization) (Shodan)."
Tandberg,MMH3,97604680,,
TC-Group,MMH3,-1734573358,"TC-Group – LuCI"
TeamCity,MMH3,-1944119648,"Log in to TeamCity &mdash"
Tecvoz,MMH3,-1452159623,,
Tecvoz,MMH3,1059329877,,
Telligent Community Server,MD5,5ec8d0ecf7b505bb04ab3ac81535e062,
Teltonika,MMH3,-1612496354,,
Teltonika,MMH3,119741608,"Favicon for Teltonika IoT devices (Shodan)."
Tenda Switch,MMH3,-9637412582,Shodan
Tenda Web Master,MMH3,-2145085239,"Tenda Web Master"
Technicolor Gateway,MMH3,1835479497,"Technicolor Gateway – Login"
Technicolor Router,MMH3,-7891234560,Shodan
Technicolor / Thomson Speedtouch (Network / ADSL),MMH3,156312019,"SpeedTouch – Home"
Technicolor,MMH3,-2138771289,"Login"
Technicolor,MMH3,1594377337,,
The Lyceum Project,MD5,63740175dae089e479a70c5e6591946c,
Thomson Router,MMH3,-3219876540,Shodan
3Com Switch,MMH3,-1472583690,Shodan
TilginAB (HomeGateway),MMH3,-1346447358,"myhome"
Tongda,MMH3,-759108386,,
TOTOLINK (network),MMH3,547474373,,
TP-Link Router,MMH3,-1122334455,Shodan
TP-Link Switch,MMH3,-9638527411,Shodan
TP-LINK (Network Device),MMH3,1274078387,,
TP-LINK (Network Device),MMH3,1842351293,"300Mbps Wireless N ADSL2+ Modem Router TD-W8960N"
TradingEye x,MD5,0ec12e5820517d3b62e56b9a8f1ee5bc,
transmission (1.34),MD5,8d13927efb22bbe7237fa64e858bb523,
TRENDnet Switch,MMH3,-2589631472,Shodan
Trendnet IP camera,MMH3,512590457,"index"
Trimble Device Embedded Web Server,MD5,ee4a637a1257b2430649d6750cda6eba,
truVision (NVR),MMH3,-1093172228,,
truVision NVR (interlogix),MMH3,1782271534,"Index page"
TVersity x,MD5,300b5c3f134d7ec0bca862cf113149d8,
twiki (4.1.2) - logos/favicon.ico,MD5,e7fc436d0bf31500ced7a7143067c337,
twiki (4.1.2) - webpreferences,MD5,9789c9ab400ea0ea00a000a0000000000,
Typo3 6.1,MD5,8718c2998236c796896b725f264092ee,
Ubiquiti Aircube,MMH3,1249285083,"airCube"
Ubiquiti EdgeRouter,MMH3,-1597532468,Shodan
Ubiquiti UniFi,MMH3,-1834888599,Shodan
Ubiquiti UNMS,MMH3,1157789622,"Ubiquiti UNMS"
Ubiquiti Ubiquiti M Series / AirOS,MD5,09a1e50dc3369e031b97f38abddd10c8,
Ubiquiti Ubiquiti M Series / AirOS,MD5,6dcab71e60f0242907940f0fcda69ea5,
Ubiquiti Wireless,MMH3,-1677255344,Shodan
Ubiquiti – AirOS,MMH3,-697231354,,
Ubiquiti – AirOS,MMH3,1020814938,"Operating system for Ubiquiti wireless devices (Shodan)."
Ubiquiti Login Portals,MMH3,-1446794564,"Ubiquiti Networks"
Universal Devices (UD),MMH3,16202868,,
Université Toulouse 1 Capitole,MMH3,1632780968,,
Univention Portal,MMH3,-1697334194,,
Untangle,MMH3,1103599349,"Untangle Administrator Login"
UPC Ceska Republica (Network),MMH3,1911253822,,
Ushahidi x,MD5,7350c3f75cb80e857efa88c2fd136da5,
УТМ (Federal Service for Alcohol Market Regulation | Russia),MMH3,-1131689409,"УТМ"
vBulletin,MMH3,-111111111,OWASP
vBulletin forum,MD5,c1201c47c81081c7f0930503cae7f71a,
vBulletin forum,MD5,d7ac014e83b5c4a2dea76c50eaeda662,
vBulletin forum,MD5,f425342764f8c356479d05daa7013c2f,
Vanderbilt SPC,MMH3,-1162730477,"SPC4300"
vdradmin-am (3.6.1),MD5,237f837bbc33cd98a9f47b20b284e2ad,
vdr-plugin-live (0.2.0),MD5,2b52c1344164d29dd8fb758db16aadb6,
Vesta Hosting Control Panel,MMH3,1954835352,"Vesta – LOGIN | Vesta Control Panel"
Vigor Router,MMH3,104189364,"Vigor 3900"
VISEC x,MD5,2e5e985fe125e3f8fca988a86689b127,
VisualSVN Server,MMH3,706602230,"VisualSVN Server"
Vivotek (Camera),MMH3,-1654229048,,
vlc (0.9.4),MD5,6f7e92fe7e6a62661ac2b41528a78fc6,
VMware Horizon,MMH3,-1255992602,"VMware Horizon"
VMware Horizon,MMH3,1895360511,"VMware Horizon"
VMware Horizon,MMH3,-991123252,"VMware Horizon"
Vmware Secure File Transfer,MMH3,1642701741,"VMWARE Secure Data Transfer"
Vodafone (Technicolor),MMH3,165976831,,
vtiger CRM x,MD5,d90cc1762bf724db71d6df86effab63c,
VZPP Plesk,MMH3,-1268095485,"VZPP Plesk - Log in to Plesk"
WAMPSERVER,MMH3,443944613,"WAMPSERVER Homepage"
WAMPSERVER,MMH3,929825723,"WAMPSERVER Homepage"
WhatsApp,MMH3,1098765432,"Common social media platform."
WatchGuard,MMH3,15831193,"WatchGuard Access Portal"
WatchGuard Firewall,MMH3,-9876543210,Shodan
Web Client Pro,MMH3,-956471263,"Web Client Pro"
webcheck (1.10.2.0),MD5,2507c0b0a60ecdc816ba45482affaedf,
webERP x,MD5,b14353fafda7c90fb1a2a214c195de50,
Webmin,MMH3,-1038557304,"Login to Webmin"
Webmin,MMH3,-888888888,OWASP
Webmin,MMH3,1280907310,"Login to Webmin"
Webmin,MMH3,1453890729,"Login to Webmin"
Webmin,MMH3,479413330,"Login to Webmin"
Websockets test page (eg: port 5900),MMH3,-291579889,"WS server test page"
websvn (2.0),MD5,ef5169b040925a716359d131afbea033,
wdCP cloud host management system,MMH3,1786752597,"wdCP云主机管理系统"
wdCP cloud host management system,MMH3,255892555,,
WHM,MMH3,-649378830,,
WiJungle,MMH3,2113497004,"WiJungle Admin Dashboard"
WikiWebHelp x,MD5,18fe76b96d4eae173bf439a9712fa5c1,
Wildfly,MMH3,-1666561833,"Welcome to WildFly 10"
WindRiver-WebServer,MMH3,74935566,,
Windows Azure,MMH3,-2125083197,"Page not found"
WISPR (Airlan),MMH3,-106646451,"401 Authorization Required"
witty (2.1.5),MD5,f6d0a100b6dbeb5899f0975a1203fd85,
WoltLab Burning Board,MD5,1bf954ba2d568ec9771d35c94a6eb2dc,
WordPress,MD5,b231ad66a2a9b0eb06f72c4c88973039,
WordPress,MD5,e1e8bdc3ce87340ab6ebe467519cf245,
WordPress,MD5,fa54dbf2f61bd2e0188e47f5f578f736,"Common for many WordPress sites (OWASP)."
WordPress (Custom Theme),MMH3,1572288395,OWASP
WordPress (TwentyNineteen),MMH3,-1023341763,OWASP
WordPress (TwentySeventeen),MMH3,-140706511,OWASP
WordPress (TwentyTwenty),MMH3,-143318912,OWASP
WordPress (TwentyTwenty),MMH3,1734518226,OWASP
WordPress 2.x,MD5,e44d22b74f7ee4435e22062d5adf4a6a,
WordPress 3.2-3.x : Twenty Eleven,MD5,28a122aa74f6929b0994fc544555c0b1,
WordPress 3.x : Twenty Ten,MD5,3ead5afa19537170bb980924397b70d6,
WordPress Multi-User (MU),MD5,95103d0eabcd541527a86f23b636e794,
WordPress Under Construction Icon,MMH3,191654058,,
Wordpress - obsolete version,MD5,6cec5a9c106d45e458fc680f70df91b0,"An older favicon for WordPress (OWASP)."
Wordpress,MMH3,-1574366546,OWASP
Workday,MMH3,-459291760,"Workday"
WorldClient for Mdaemon,MMH3,-35107086,"WorldClient"
WorldClient for Mdaemon,MMH3,1985721423,"WorldClient"
XAMPP,MMH3,-1275226814,,
XAMPP,MMH3,-1437701105,,
XenForo,MMH3,-222222222,OWASP
Xerox DocuShare,MD5,28893699241094742c3c2d4196cd1acb,
XOOPS,MD5,9187f6607b402df8bbc2aeb69a07bbca,
XOOPS cms,MD5,389a8816c5b87685de7d8d5fec96c85b,
xsp (1.9.1),MD5,c0c4e7c0ac4da24ab8fc842d7f96723c,
Yahoo!,MD5,6f767458b952d4755a795af0e4e0aa17,
yaws (1.77),MD5,81feac35654318fb16d1a567b8b941e7,
Yasni,MMH3,-178685903,,
Yii PHP Framework (Default Favicon),MMH3,-1298108480,,
Zabbix,MMH3,892542951,"Zabbix server: Zabbix"
Zarafa WebAccess x,MD5,e9dd9992d222d67c8f6a4704d2c88bdd,
Zen Cart,MMH3,-333333333,OWASP
Zenoss Core x,MD5,c126f7e761813946fea2e90ff7ddb838,
Zero byte favicon,MD5,d41d8cd98f00b204e9800998ecf8427e,
Zimbra,MMH3,-1716341985,OWASP
znc (0.058),MD5,33b04fb9f2ec918f5f14b41527e77f6d,
znc (0.058, webadmin/skins/default),MD5,6434232d43f27ef5462ba5ba345e03df,
zoneminder (1.23.3),MD5,e07c0775523271d629035dc8921dffc7,
ZTE (Network),MMH3,1427976651,,
ZTE Corporation (Gateway/Appliance),MMH3,459900502,,
ZyXEL Router,MMH3,-3579514860,Shodan
ZyXEL Switch,MMH3,-3219876542,Shodan
ZyXEL ZyWALL,MMH3,-440644339,,
Zyxel ZyWALL,MMH3,-484708885,,
ZyXEL (Network),MMH3,-882760066,"ZyXEL KEENETIC"
ZyXEL,MMH3,943925975,,
